-- MySQL Script generated by MySQL Workbench
-- Wed Oct  2 14:00:14 2019
-- Model: New Model    Version: 1.0
-- MySQL Workbench Forward Engineering

SET @OLD_UNIQUE_CHECKS=@@UNIQUE_CHECKS, UNIQUE_CHECKS=0;
SET @OLD_FOREIGN_KEY_CHECKS=@@FOREIGN_KEY_CHECKS, FOREIGN_KEY_CHECKS=0;
SET @OLD_SQL_MODE=@@SQL_MODE, SQL_MODE='ONLY_FULL_GROUP_BY,STRICT_TRANS_TABLES,NO_ZERO_IN_DATE,NO_ZERO_DATE,ERROR_FOR_DIVISION_BY_ZERO,NO_ENGINE_SUBSTITUTION';

-- -----------------------------------------------------
-- Schema University
-- -----------------------------------------------------
DROP SCHEMA IF EXISTS `University` ;

-- -----------------------------------------------------
-- Schema University
-- -----------------------------------------------------
CREATE SCHEMA IF NOT EXISTS `University` DEFAULT CHARACTER SET utf8 ;
USE `University` ;

-- -----------------------------------------------------
-- Table `University`.`Status`
-- -----------------------------------------------------
DROP TABLE IF EXISTS `University`.`Status` ;

CREATE TABLE IF NOT EXISTS `University`.`Status` (
  `StatusID` INT NOT NULL,
  `Status` VARCHAR(45) NOT NULL DEFAULT ' In-Process,Occupying,Waiting',
  `Date_Created` DATETIME NULL,
  `Date_Modified` DATETIME NULL,
  PRIMARY KEY (`StatusID`))
ENGINE = InnoDB;

/*****DATA INSERT*****/
Insert into University.Status (StatusID, Status, Date_Created, Date_Modified)
values
(1,'Waiting','2019-10-02','2019-10-02'),
(2,'Active','2019-10-02','2019-10-02');


-- -----------------------------------------------------
-- Table `University`.`Categories`
-- -----------------------------------------------------
DROP TABLE IF EXISTS `University`.`Categories` ;

CREATE TABLE IF NOT EXISTS `University`.`Categories` (
  `CategoriesID` INT NOT NULL,
  `Category_Name` VARCHAR(45) NOT NULL,
  `Date_Created` DATETIME NULL,
  `Date_Modified` DATETIME NULL,
  PRIMARY KEY (`CategoriesID`))
ENGINE = InnoDB;

/*****DATA INSERT*****/
Insert into University.Categories (CategoriesID, Category_Name, Date_Created, Date_Modified)
values
(1, 'Freshmen','2019-10-02','2019-10-02'),
(2, 'Sophomore','2019-10-02','2019-10-02'),
(3, 'Junior','2019-10-02','2019-10-02'),
(4, 'Senior','2019-10-02','2019-10-02');


-- -----------------------------------------------------
-- Table `University`.`Advisors`
-- -----------------------------------------------------
DROP TABLE IF EXISTS `University`.`Advisors` ;

CREATE TABLE IF NOT EXISTS `University`.`Advisors` (
  `AdvisorsID` INT NOT NULL AUTO_INCREMENT,
  `First_Name` VARCHAR(50) NOT NULL,
  `Last_Name` VARCHAR(50) NOT NULL,
  `Phone_Number` VARCHAR(50) NOT NULL,
  `Email` VARCHAR(50) NULL,
  `Date_Created` DATETIME NULL,
  `Date_Modified` DATETIME NULL,
  PRIMARY KEY (`AdvisorsID`),
  UNIQUE INDEX `Email_UNIQUE` (`Email` ASC) VISIBLE)
ENGINE = InnoDB;

/*****DATA INSERT*****/
Insert into University.Advisors (AdvisorID, First_Name, Last_Name, Phone_Number, Email, Date_Created, Date_Modified)
values
(1,'Rommer','Chu','416-720-2720','rommer.chu@gmail.com','2019-09-28','2019-09-28'),
(2,'Corazon','Chu','cora@gmail.com','416-720-2700','2019-09-28','2019-09-28'),
(3,'John Paul','Smith','514-258-1245','John12@yahoo.ca','2019-09-28','2019-09-28'),
(4,'Abigail','Tsan','647-123-2720','abby45@live.com','2019-09-28','2019-09-28'),
(5,'Peter John','Roe','547-126-901','pj101@hotmail.com','2019-09-28','2019-09-28'),
(6,'Zeek','Cummins','547-126-987','zeek@rogers.com','2019-09-28','2019-09-28'),
(7,'Tetley','Tea','547-126-957','tetley@gmail.com','2019-09-28','2019-09-28'),
(8,'Fraya','Beau','874-658-215','fraya@gmail.com','2019-09-28','2019-09-28'),
(9,'Squirtle','Stone','456-123-789','squirtle123@hotmail.com','2019-09-28','2019-09-28'),
(10,'Lovely','Rake','547-556-785','happy123@live.com','2019-09-28','2019-09-28');



-- -----------------------------------------------------
-- Table `University`.`Student`
-- -----------------------------------------------------
DROP TABLE IF EXISTS `University`.`Student` ;

CREATE TABLE IF NOT EXISTS `University`.`Student` (
  `StudentID` INT NOT NULL AUTO_INCREMENT,
  `First_Name` VARCHAR(50) NOT NULL,
  `Last_Name` VARCHAR(50) NOT NULL,
  `Address` VARCHAR(100) NOT NULL,
  `Gender` VARCHAR(6) NOT NULL,
  `Nationality` VARCHAR(50) NOT NULL,
  `Special_Needs` VARCHAR(50) NULL,
  `Categories_CategoriesID` INT NOT NULL,
  `Advisors_AdvisorsID` INT NOT NULL,
  `Status_id` INT NOT NULL,
  `Comments` VARCHAR(255) NULL,
  `Date_Created` DATETIME NULL,
  `Date_Modified` DATETIME NULL,
  INDEX `fk_Student_Status1_idx` (`Status_id` ASC) VISIBLE,
  PRIMARY KEY (`StudentID`),
  INDEX `fk_Student_Categories1_idx` (`Categories_CategoriesID` ASC) VISIBLE,
  INDEX `fk_Student_Advisors1_idx` (`Advisors_AdvisorsID` ASC) VISIBLE,
  CONSTRAINT `fk_Student_Status1`
    FOREIGN KEY (`Status_id`)
    REFERENCES `University`.`Status` (`StatusID`)
    ON DELETE NO ACTION
    ON UPDATE NO ACTION,
  CONSTRAINT `fk_Student_Categories1`
    FOREIGN KEY (`Categories_CategoriesID`)
    REFERENCES `University`.`Categories` (`CategoriesID`)
    ON DELETE NO ACTION
    ON UPDATE NO ACTION,
  CONSTRAINT `fk_Student_Advisors1`
    FOREIGN KEY (`Advisors_AdvisorsID`)
    REFERENCES `University`.`Advisors` (`AdvisorsID`)
    ON DELETE NO ACTION
    ON UPDATE NO ACTION)
ENGINE = InnoDB;

/*****DATA INSERT*****/
Insert into University.Student (StudentID, First_Name, Last_Name, Address, Gender, Nationality, Special_Needs, Categories_CategoriesID, Advisors_AdvisorsID, Status_id, Comments, Date_Created, Date_Modified)
values
(1,'William','Smith','123 Center Rd, Mono ON','Male','American','Tutorial need','NONE',1,2,'In-Process','NONE','2019-09-28','2019-09-28'),
(2,'Steven','Frott','101 Amaranth St, Subsurb ON','Male','Canadian','None',1,4,'Occupying','NONE','2019-09-28','2019-09-28'),
(3,'Stacey','Adams','1150 Rutherford, Toronto ON','Female','Irish', 'None',2,6,'Waiting','NONE','2019-09-28','2019-09-28'),
(4,'Vannesa','Doe','5th St. Center Ave, North York ON','Female','British','None',3,8,'In-Process','NONE','2019-09-28','2019-09-28'),
(5,'Matt','Thomas','100 Daisy Drive, Caledon ON','Male','Jamaican', 'Process graduation',4,'Occupying''NONE','2019-09-28','2019-09-28'),
(6,'Corazon','Ramos','19 Orchids St.Brampton ON','Female','Spanish','None',3,10,'Occupying','NONE','2019-09-28','2019-09-28'),
(7,'Jeff','Blumberg','55 Sweet Candy Rd, Ajax ON','Male','Swedish','None',2,1,'Occupying', 'NONE','2019-09-28','2019-09-28'),
(8,'Hanna','Daviniche','10-A Richmond Ave, Richmond ON','Female','German', 'None',1,3,'In-Process''NONE','2019-09-28','2019-09-28'),
(9,'Victor','Wilson','40 First St, Orangeville ON','Male','Japanese', 'None',4,5,'In-Process''NONE','2019-09-28','2019-09-28'),
(10,'Juanito','Soler','1865 Dundas St, Peterbourough ON','Male','Mexican','LanguageTranslator',1,7,'Not Applicable','NONE','2019-09-28','2019-09-28');


-- -----------------------------------------------------
-- Table `University`.`Contacts`
-- -----------------------------------------------------
DROP TABLE IF EXISTS `University`.`Contacts` ;

CREATE TABLE IF NOT EXISTS `University`.`Contacts` (
  `ContactID` INT NOT NULL AUTO_INCREMENT,
  `SSN` VARCHAR(50) NOT NULL,
  `First_Name` VARCHAR(50) NOT NULL,
  `Last_Name` VARCHAR(50) NOT NULL,
  `StudentID` INT NOT NULL,
  `Relationship` VARCHAR(50) NOT NULL,
  `Address` VARCHAR(255) NOT NULL,
  `Phone_No` BIGINT NOT NULL,
  `Date_Created` DATETIME NULL,
  `Date_Modified` DATETIME NULL,
  PRIMARY KEY (`ContactID`),
  INDEX `fk_Contacts_Student1_idx` (`StudentID` ASC) VISIBLE,
  UNIQUE INDEX `SSN_UNIQUE` (`SSN` ASC) VISIBLE,
  CONSTRAINT `fk_Contacts_Student1`
    FOREIGN KEY (`StudentID`)
    REFERENCES `University`.`Student` (`StudentID`)
    ON DELETE NO ACTION
    ON UPDATE NO ACTION)
ENGINE = InnoDB;

/*****DATA INSERT*****/
Insert into University.Contacts (ContactID, SSN, First_Name, Last_Name, StudentID, Relationship, Address, Phone_No, Date_Created, Date_Modified)
values
(1,'5612251998','Robert','Smith',1,'Father','123 Center Rd, Mono ON','647-115-6985','2019-09-28','2019-09-28'),
(2,'487966551','Nancy','Frott',2,'Mother','101 Amaranth St, Subsurb ON','519-224-6901','2019-09-28','2019-09-28'),
(3,'785648533','Rupert','Adams',3,'Father','1150 Rutherford, Toronto ON','416-885-7793','2019-09-28','2019-09-28'),
(4,'416885217','Adam','Doe',4,'Father','5th St. Center Ave, North York ON','905-554-4114','2019-09-28','2019-09-28'),
(5,'785648533','Jackie','Allen',5,'Aunt','89 Daisy Drive, Caledon ON','699-224-5454','2019-09-28','2019-09-28'),
(6,'5612779918','Juanito','Ramos',6,'Father','19 Orchids St.Brampton ON','645-123-1231','2019-09-28','2019-09-28'),
(7,'785648533','Stephanie','Blumberg',7,'Mother','55 Sweet Candy Rd, Ajax ON','647-288-8818','2019-09-28','2019-09-28'),
(8,'561277844','John','Daviniche',8,'Father','10-A Richmond Ave,Richmond ON','647-444-7771','2019-09-28','2019-09-28'),
(9,'5612779951','Jack','Wilson',9,'Father','40 First St, Orangeville ON','905-453-5333','2019-09-28','2019-09-28'),
(10,'4896665123','Anita','Soler',10,'Mother','1865 Dundas St, Peterbourough ON','416-885-7793','2019-09-28','2019-09-28');

-- -----------------------------------------------------
-- Table `University`.`HallResidence`
-- -----------------------------------------------------
DROP TABLE IF EXISTS `University`.`HallResidence` ;

CREATE TABLE IF NOT EXISTS `University`.`HallResidence` (
  `HallResidenceID` INT NOT NULL AUTO_INCREMENT,
  `Residence_Name` VARCHAR(100) NOT NULL,
  `Address` VARCHAR(100) NOT NULL,
  `Number_of_Rooms` VARCHAR(25) NOT NULL,
  `Telephone` VARCHAR(25) NOT NULL,
  `Manager_Name` VARCHAR(50) NOT NULL,
  `Monthly_Rate` DECIMAL(4,2) NOT NULL,
  `Date_Created` DATETIME NULL,
  `Date_Modified` DATETIME NULL,
  PRIMARY KEY (`HallResidenceID`))
ENGINE = InnoDB;

/*****DATA INSERT*****/
Insert into University.HallResidence (HallResidenceID, Residence_Name, Address, Number_of_Rooms, Telephone, Manager_Name, Monthly_Rate, Date_Created, Date_Modified)
values
(1,'Alpha Hall','255 Chrysler st., University belt, ON', '20', '645-888-1551','Steven Martin','$800','2019-09-28','2019-09-28'),
(2,'Bravo Hall','257 Chrysler st., University belt, ON', '30', '591-665-2245','Victoria Ly','$600','2019-09-28','2019-09-28'),
(3,'Charlie Hall','259 Chrysler st., University belt, ON', '20', '905-123-456','Jane Matthew','$500','2019-09-28','2019-09-28'),

-- -----------------------------------------------------
-- Table `University`.`Flat_Level`
-- -----------------------------------------------------
DROP TABLE IF EXISTS `University`.`Flat_Level` ;

CREATE TABLE IF NOT EXISTS `University`.`Flat_Level` (
  `FlatID` INT NOT NULL,
  `Type` VARCHAR(45) NOT NULL DEFAULT '1st,2nd,3rd Floor',
  `Date_Created` DATETIME NULL,
  `Date_Created` DATETIME NULL,
  PRIMARY KEY (`FlatID`))
ENGINE = InnoDB;

/*****DATA INSERT*****/
Insert into University.Flat_Level (FlatID, Type, Date_Created, Date_Modified)
values
(1, '1st Floor','2019-09-28','2019-09-28'),
(2, '2nd Floor','2019-09-28','2019-09-28'),
(3, '3rd Floor','2019-09-28','2019-09-28');

-- -----------------------------------------------------
-- Table `University`.`Flat`
-- -----------------------------------------------------
DROP TABLE IF EXISTS `University`.`Flat` ;

CREATE TABLE IF NOT EXISTS `University`.`Flat` (
  `FlatID` INT NOT NULL AUTO_INCREMENT,
  `Flat_Level_id` INT NOT NULL,
  `Address` VARCHAR(50) NOT NULL,
  `Date_Created` DATETIME NULL,
  `Date_Modified` DATETIME NULL,
  PRIMARY KEY (`FlatID`),
  INDEX `fk_Student_Flat_Flat_Level1_idx` (`Flat_Level_id` ASC) VISIBLE,
  CONSTRAINT `fk_Student_Flat_Flat_Level1`
    FOREIGN KEY (`Flat_Level_id`)
    REFERENCES `University`.`Flat_Level` (`FlatID`)
    ON DELETE NO ACTION
    ON UPDATE NO ACTION)
ENGINE = InnoDB;

/*****DATA INSERT*****/
Insert into University.Flat (FlatID, Flat_Level_id, Address, Date_Created, Date_Modified)
values 
(1, 1, '255 Chrysler st., University belt, ON', '2019-09-28','2019-09-28'),
(1, 1, '257 Chrysler st., University belt, ON', '2019-09-28','2019-09-28'),
(1, 2, '259 Chrysler st., University belt, ON', '2019-09-28','2019-09-28'),
(1, 3, '257 Chrysler st., University belt, ON', '2019-09-28','2019-09-28'),
(1, 3, '259 Chrysler st., University belt, ON', '2019-09-28','2019-09-28'),
(1, 2, '255 Chrysler st., University belt, ON', '2019-09-28','2019-09-28');

-- -----------------------------------------------------
-- Table `University`.`Accommodation_Type`
-- -----------------------------------------------------
DROP TABLE IF EXISTS `University`.`Accommodation_Type` ;

CREATE TABLE IF NOT EXISTS `University`.`Accommodation_Type` (
  `AccommodationTypeID` INT NOT NULL AUTO_INCREMENT,
  `HallResidence_HallResidenceID` INT NOT NULL,
  `Flat_FlatID` INT NOT NULL,
  `Date_Created` DATETIME NULL,
  `Date_Modified` DATETIME NULL,
  PRIMARY KEY (`AccommodationTypeID`),
  INDEX `fk_Accommodation_Type_HallResidence1_idx` (`HallResidence_HallResidenceID` ASC) VISIBLE,
  INDEX `fk_Accommodation_Type_Flat1_idx` (`Flat_FlatID` ASC) VISIBLE,
  CONSTRAINT `fk_Accommodation_Type_HallResidence1`
    FOREIGN KEY (`HallResidence_HallResidenceID`)
    REFERENCES `University`.`HallResidence` (`HallResidenceID`)
    ON DELETE NO ACTION
    ON UPDATE NO ACTION,
  CONSTRAINT `fk_Accommodation_Type_Flat1`
    FOREIGN KEY (`Flat_FlatID`)
    REFERENCES `University`.`Flat` (`FlatID`)
    ON DELETE NO ACTION
    ON UPDATE NO ACTION)
ENGINE = InnoDB;

/*****DATA INSERT*****/
Insert into University.Accommodation_Type (AccommodationTypeID,HallResidence_HallResidenceID,Flat_FlatID,Date_Created,Date_Modified)
values
(1, 1, 1,'2019-09-28','2019-09-28'),
(2, 2, 1,'2019-09-28','2019-09-28'),
(3, 1, 1,'2019-09-28','2019-09-28'),
(4, 3, 2,'2019-09-28','2019-09-28'),
(5, 3, 2,'2019-09-28','2019-09-28'),
(6, 1, 2,'2019-09-28','2019-09-28'),
(7, 2, 3,'2019-09-28','2019-09-28'),
(8, 2, 3,'2019-09-28','2019-09-28'),
(9, 1, 3,'2019-09-28','2019-09-28');

-- -----------------------------------------------------
-- Table `University`.`Student_Accommodation`
-- -----------------------------------------------------
DROP TABLE IF EXISTS `University`.`Student_Accommodation` ;

CREATE TABLE IF NOT EXISTS `University`.`Student_Accommodation` (
  `Student_AccommodationID` INT NOT NULL AUTO_INCREMENT,
  `Accommodation_Type_AccommodationTypeID` INT NOT NULL,
  `Status_id` INT NOT NULL,
  `Contacts_id` INT NOT NULL,
  `Date_Created` DATETIME NULL,
  `Date_Modified` DATETIME NULL,
  INDEX `fk_Student_Accommodation_Contacts1_idx` (`Contacts_id` ASC) VISIBLE,
  INDEX `fk_Student_Accommodation_Status1_idx` (`Status_id` ASC) VISIBLE,
  PRIMARY KEY (`Student_AccommodationID`, `Accommodation_Type_AccommodationTypeID`),
  INDEX `fk_Student_Accommodation_Accommodation_Type1_idx` (`Accommodation_Type_AccommodationTypeID` ASC) VISIBLE,
  CONSTRAINT `fk_Student_Accommodation_Contacts1`
    FOREIGN KEY (`Contacts_id`)
    REFERENCES `University`.`Contacts` (`ContactID`)
    ON DELETE NO ACTION
    ON UPDATE NO ACTION,
  CONSTRAINT `fk_Student_Accommodation_Status1`
    FOREIGN KEY (`Status_id`)
    REFERENCES `University`.`Status` (`StatusID`)
    ON DELETE NO ACTION
    ON UPDATE NO ACTION,
  CONSTRAINT `fk_Student_Accommodation_Accommodation_Type1`
    FOREIGN KEY (`Accommodation_Type_AccommodationTypeID`)
    REFERENCES `University`.`Accommodation_Type` (`AccommodationTypeID`)
    ON DELETE NO ACTION
    ON UPDATE NO ACTION)
ENGINE = InnoDB;

/*****DATA INSERT*****/
Insert into University.Student_Accommodation (Student_AccommodationID, Accommodation_Type_AccommodationTypeID, Status_id, Contacts_id, Date_Created, Date_Modified)
values
(1, 1, 2, 1,'2019-09-28','2019-09-28'),
(2, 2, 2, 2,'2019-09-28','2019-09-28'),
(3, 3, 2, 3,'2019-09-28','2019-09-28'),
(4, 4, 1, 4,'2019-09-28','2019-09-28'),
(5, 5, 1, 5,'2019-09-28','2019-09-28'),
(6, 6, 2, 6,'2019-09-28','2019-09-28'),
(7, 7, 2, 7,'2019-09-28','2019-09-28'),
(8, 8, 1, 8,'2019-09-28','2019-09-28'),
(9, 9, 2, 9,'2019-09-28','2019-09-28'),
(10, 2, 1, 10,'2019-09-28','2019-09-28');

-- -----------------------------------------------------
-- Table `University`.`Instructors`
-- -----------------------------------------------------
DROP TABLE IF EXISTS `University`.`Instructors` ;

CREATE TABLE IF NOT EXISTS `University`.`Instructors` (
  `InstructorsID` INT NOT NULL AUTO_INCREMENT,
  `FirstName` VARCHAR(45) NOT NULL,
  `LastName` VARCHAR(45) NOT NULL,
  `Faculty` VARCHAR(45) NOT NULL DEFAULT 'Science,Management,Marketing,Pharmacy,Law,Police,IT,Logistics',
  `Date_Created` DATETIME NULL,
  `Date_Modified` DATETIME NULL,
  PRIMARY KEY (`InstructorsID`),
  UNIQUE INDEX `Faculty_UNIQUE` (`Faculty` ASC) VISIBLE)
ENGINE = InnoDB;

/*****DATA INSERT*****/
insert into University.Instructors (InstructorsID, FirstName, LastName, Faculty, Date_Created, Date_Modified)
values
(1, 'Pokemon', 'Zeek', 'Philosophy', '2019-09-28','2019-09-28'),
(2, 'Frayah', 'Oley', 'Math', '2019-09-28','2019-09-28'),
(3, 'Tetlish', 'Tiger', 'Police Foundation', '2019-09-28','2019-09-28'),
(4, 'Charlie', 'Woods', 'Commerce', '2019-09-28','2019-09-28'),
(5, 'John', 'Pooper', 'Engineering', '2019-09-28','2019-09-28'),
(6, 'Abigail', 'Gravol', 'Natural Sciences', '2019-09-28','2019-09-28'),
(7, 'Corrs', 'Washington', 'Education', '2019-09-28','2019-09-28'),
(8, 'Peter', 'Pangit', 'Law', '2019-09-28','2019-09-28'),
(9, 'Lysol', 'Lingettes', 'Music', '2019-09-28','2019-09-28'),
(10, 'Benylin', 'Toux', 'Economics', '2019-09-28','2019-09-28');

-- -----------------------------------------------------
-- Table `University`.`Course`
-- -----------------------------------------------------
DROP TABLE IF EXISTS `University`.`Course` ;

CREATE TABLE IF NOT EXISTS `University`.`Course` (
  `CourseID` INT NOT NULL AUTO_INCREMENT,
  `Course_Title` VARCHAR(100) NOT NULL,
  `Room_Number` SMALLINT NOT NULL,
  `Instructors_InstructorsID` INT NOT NULL,
  `Date_Created` VARCHAR(50) NULL,
  `Date_Modified` VARCHAR(50) NULL,
  PRIMARY KEY (`CourseID`),
  INDEX `fk_Course_Instructors1_idx` (`Instructors_InstructorsID` ASC) VISIBLE,
  CONSTRAINT `fk_Course_Instructors1`
    FOREIGN KEY (`Instructors_InstructorsID`)
    REFERENCES `University`.`Instructors` (`InstructorsID`)
    ON DELETE NO ACTION
    ON UPDATE NO ACTION)
ENGINE = InnoDB;

/*****DATA INSERT*****/
Insert into University.Course (CourseID, Course_Title, Room_Number, Instructors_InstructorsID, Date_Created, Date_Modified)
values
(1,'Philosophy101-Introduction', 2, 1,'2019-09-28','2019-09-28'),
(2,'Mathematics Fundamentals', 3, 2,'2019-09-28','2019-09-28'),
(3,'Law Enforcement', 5, 3,'2019-09-28','2019-09-28'),
(4,'Digital Commerce', 4, 4,'2019-09-28','2019-09-28'),
(5,'Block Chain Engineering', 7, 5,'2019-09-28','2019-09-28'),
(6,'Univers101', 6, 6,'2019-09-28','2019-09-28'),
(7,'Professor: Advance', 9, 7,'2019-09-28','2019-09-28'),
(8,'Law-Federal', 8, 8,'2019-09-28','2019-09-28'),
(9,'Symphony Orchestra', 2, 9,'2019-09-28','2019-09-28'),
(10,'Consumers Buying Guide', 6, 10,'2019-09-28','2019-09-28');

-- -----------------------------------------------------
-- Table `University`.`RoomType`
-- -----------------------------------------------------
DROP TABLE IF EXISTS `University`.`RoomType` ;

CREATE TABLE IF NOT EXISTS `University`.`RoomType` (
  `RoomTypeID` INT NOT NULL,
  `Flat_Level_FlatID` INT NOT NULL,
  `Type` VARCHAR(45) NOT NULL DEFAULT 'Single, SinglePlus, SingleXL',
  `Date_Created` DATETIME NULL,
  `Date_Created` DATETIME NULL,
  PRIMARY KEY (`RoomTypeID`),
  INDEX `fk_RoomType_Flat_Level1_idx` (`Flat_Level_FlatID` ASC) VISIBLE,
  CONSTRAINT `fk_RoomType_Flat_Level1`
    FOREIGN KEY (`Flat_Level_FlatID`)
    REFERENCES `University`.`Flat_Level` (`FlatID`)
    ON DELETE NO ACTION
    ON UPDATE NO ACTION)
ENGINE = InnoDB;

/*****DATA INSERT*****/
Insert into University.RoomType (RoomTypeID,Flat_Level_FlatID,Type,Date_Created,Date_Modified)
values
(1,1, 'Single','2019-09-28','2019-09-28'),
(1,2, 'SinglePlus','2019-09-28','2019-09-28'),
(1,3, 'SingleXL','2019-09-28','2019-09-28');

-- -----------------------------------------------------
-- Table `University`.`Lease`
-- -----------------------------------------------------
DROP TABLE IF EXISTS `University`.`Lease` ;

CREATE TABLE IF NOT EXISTS `University`.`Lease` (
  `LeaseID` INT NOT NULL AUTO_INCREMENT,
  `Student_StudentID` INT NOT NULL,
  `Accommodation_Type_AccommodationTypeID` INT NOT NULL,
  `Lease_Duration` VARCHAR(50) NOT NULL,
  `Wish_Date_IN` DATETIME NOT NULL,
  `Wish_Date_OUT` DATETIME NOT NULL,
  `Date_Created` DATETIME NULL,
  `Date_Modified` DATETIME NULL,
  PRIMARY KEY (`LeaseID`),
  INDEX `fk_Lease_Accommodation_Type1_idx` (`Accommodation_Type_AccommodationTypeID` ASC) VISIBLE,
  INDEX `fk_Lease_Student1_idx` (`Student_StudentID` ASC) VISIBLE,
  CONSTRAINT `fk_Lease_Accommodation_Type1`
    FOREIGN KEY (`Accommodation_Type_AccommodationTypeID`)
    REFERENCES `University`.`Accommodation_Type` (`AccommodationTypeID`)
    ON DELETE NO ACTION
    ON UPDATE NO ACTION,
  CONSTRAINT `fk_Lease_Student1`
    FOREIGN KEY (`Student_StudentID`)
    REFERENCES `University`.`Student` (`StudentID`)
    ON DELETE NO ACTION
    ON UPDATE NO ACTION)
ENGINE = InnoDB;

/*****DATA INSERT*****/
Insert into University.Lease (LeaseID,Student_StudentID,Accommodation_Type_AccommodationTypeID,Lease_Duration,Wish_Date_IN,Wish_Date_OUT,Date_Created,Date_Modified)
values
(1,3,2,'1 year','2019-01-01','2020-01-01', '2019-09-28','2019-09-28'),
(2,5,6,'6 month','2019-01-01','2019-06-10', '2019-09-28','2019-09-28'),
(3,7,10,'6 months','2019-01-01','2020-06-12', '2019-09-28','2019-09-28'),
(4,9,8,'4 months','2019-02-15','2020-06-15', '2019-09-28','2019-09-28'),
(5,2,5,'6 month','2019-03-01','2019-09-25', '2019-09-28','2019-09-28'),
(6,4,4,'3 month','2019-02-20','2019-05-20', '2019-09-28','2019-09-28'),
(7,6,1,'3 months','2019-02-08','2019-05-08', '2019-09-28','2019-09-28'),
(8,8,3,'1 month','2019-01-01','2019-02-01', '2019-09-28','2019-09-28'),
(9,10,7,'2 years','2019-03-01','2021-03-01', '2019-09-28','2019-09-28'),
(10,1,9,'2 years','2019-04-18','2021-04-18', '2019-09-28','2019-09-28');


-- -----------------------------------------------------
-- Table `University`.`Quarters`
-- -----------------------------------------------------
DROP TABLE IF EXISTS `University`.`Quarters` ;

CREATE TABLE IF NOT EXISTS `University`.`Quarters` (
  `QuartersID` INT NOT NULL,
  `Quarter` VARCHAR(50) NOT NULL DEFAULT 'Spring,Summer,Fall,Winter',
  `Date_Created` DATETIME NULL,
  `Date_Modified` DATETIME NULL,
  PRIMARY KEY (`QuartersID`))
ENGINE = InnoDB;

/*****DATA INSERT*****/
Insert into University.Quarters (QuartersID, Quarter, Date_Created, Date_Modified)
values
(1,'Spring','2019-09-28','2019-09-28'),
(2,'Summer','2019-09-28','2019-09-28'),
(3,'Fall','2019-09-28','2019-09-28'),
(4,'Winter','2019-09-28','2019-09-28');

-- -----------------------------------------------------
-- Table `University`.`Invoices`
-- -----------------------------------------------------
DROP TABLE IF EXISTS `University`.`Invoices` ;

CREATE TABLE IF NOT EXISTS `University`.`Invoices` (
  `InvoicesID` INT NOT NULL AUTO_INCREMENT,
  `Lease_LeaseID` INT NOT NULL,
  `Quarters_QuartersID` INT NOT NULL,
  `Student_StudentID` INT NOT NULL,
  `Payment_Due_Date` DATETIME NOT NULL,
  `First_Reminder` DATETIME NOT NULL,
  `Second_Reminder` DATETIME NOT NULL,
  `Remarks` VARCHAR(255) NULL,
  `Date_Created` DATETIME NULL,
  `Date_Modified` DATETIME NULL,
  PRIMARY KEY (`InvoicesID`),
  INDEX `fk_Invoices_Lease1_idx` (`Lease_LeaseID` ASC) VISIBLE,
  INDEX `fk_Invoices_Student1_idx` (`Student_StudentID` ASC) VISIBLE,
  INDEX `fk_Invoices_Quarters1_idx` (`Quarters_QuartersID` ASC) VISIBLE,
  CONSTRAINT `fk_Invoices_Lease1`
    FOREIGN KEY (`Lease_LeaseID`)
    REFERENCES `University`.`Lease` (`LeaseID`)
    ON DELETE NO ACTION
    ON UPDATE NO ACTION,
  CONSTRAINT `fk_Invoices_Student1`
    FOREIGN KEY (`Student_StudentID`)
    REFERENCES `University`.`Student` (`StudentID`)
    ON DELETE NO ACTION
    ON UPDATE NO ACTION,
  CONSTRAINT `fk_Invoices_Quarters1`
    FOREIGN KEY (`Quarters_QuartersID`)
    REFERENCES `University`.`Quarters` (`QuartersID`)
    ON DELETE NO ACTION
    ON UPDATE NO ACTION)
ENGINE = InnoDB;

/*****DATA INSERT*****/
Insert into University.Invoices (InvoicesID,Lease_LeaseID,Quarters_QuartersID,Student_StudentID,Payment_Due_Date,First_Reminder,Second_Reminder,Remarks,Date_Created,Date_Modified)
values
(1,2,2,1,'2019-01-01','2020-06-01','2020-07-01','2019-09-28','2019-09-28'),
(2,4,2,5,'2019-01-01','2020-06-01','2020-08-01','2019-09-28','2019-09-28'),
(3,6,4,7,'2019-01-01','2020-07-15','2020-08-08','2019-09-28','2019-09-28'),
(4,8,2,9,'2019-01-01','2020-09-05','2020-10-03','2019-09-28','2019-09-28'),
(5,10,4,10,'2019-01-01','2020-11-06','2020-12-06','2019-09-28','2019-09-28'),
(6,5,1,2,'2019-01-01','2020-08-01','2020-09-01','2019-09-28','2019-09-28'),
(7,1,2,4,'2019-01-01','2020-03-14','2020-05-20','2019-09-28','2019-09-28'),
(8,3,3,6,'2019-01-01','2020-05-16','2020-06-07','2019-09-28','2019-09-28'),
(9,7,4,8,'2019-01-01','2020-02-08','2020-03-08h','2019-09-28','2019-09-28'),
(10,9,1,3,'2019-01-01','2020-03-24','2020-04-24','2019-09-28','2019-09-28');

-- -----------------------------------------------------
-- Table `University`.`Payment`
-- -----------------------------------------------------
DROP TABLE IF EXISTS `University`.`Payment` ;

CREATE TABLE IF NOT EXISTS `University`.`Payment` (
  `PaymentID` INT NOT NULL AUTO_INCREMENT,
  `Payment_Date` DATETIME NOT NULL,
  `Method` VARCHAR(50) NOT NULL DEFAULT 'Credit,Debit,Cash,Cheque,MO',
  `Invoices_InvoicesID` INT NOT NULL,
  `Total Amount` DECIMAL NOT NULL,
  `Date_Created` DATETIME NULL,
  `Date_Modified` DATETIME NULL,
  PRIMARY KEY (`PaymentID`),
  INDEX `fk_Payment_Invoices1_idx` (`Invoices_InvoicesID` ASC) VISIBLE,
  CONSTRAINT `fk_Payment_Invoices1`
    FOREIGN KEY (`Invoices_InvoicesID`)
    REFERENCES `University`.`Invoices` (`InvoicesID`)
    ON DELETE NO ACTION
    ON UPDATE NO ACTION)
ENGINE = InnoDB;

/*****DATA INSERT*****/
Insert into University.Payment (PaymentID, Payment_Date, Method, Invoices_InvoicesID, Date_Created, Date_Modified)
values
(1, '2019-09-28', 'Credit', 1, '2019-09-28','2019-09-28'),
(2, '2019-09-28', 'Debit', 2, '2019-09-28','2019-09-28'),
(3, '2019-09-28', 'Cash', 4, '2019-09-28','2019-09-28'),
(4, '2019-09-28', 'MoneyOrder', 5, '2019-09-28','2019-09-28'),
(5, '2019-09-28', 'Cheque', 8, '2019-09-28','2019-09-28'),
(6, '2019-09-28', 'Cheque', 6, '2019-09-28','2019-09-28'),
(7, '2019-09-28', 'Cheque', 3, '2019-09-28','2019-09-28'),
(8, '2019-09-28', 'Cheque', 7, '2019-09-28','2019-09-28'),
(9, '2019-09-28', 'Debit', 9, '2019-09-28','2019-09-28'),
(10, '2019-09-28', 'Cash', 10, '2019-09-28','2019-09-28');

-- -----------------------------------------------------
-- Table `University`.`AccomodationStaff`
-- -----------------------------------------------------
DROP TABLE IF EXISTS `University`.`AccomodationStaff` ;

CREATE TABLE IF NOT EXISTS `University`.`AccomodationStaff` (
  `AccomodationStaffID` INT NOT NULL AUTO_INCREMENT,
  `FirstName` VARCHAR(45) NOT NULL,
  `LastName` VARCHAR(45) NOT NULL,
  `Position` VARCHAR(45) NOT NULL,
  `Address` VARCHAR(45) NOT NULL,
  `PhoneNumber` VARCHAR(45) NOT NULL,
  `Date_Created` VARCHAR(45) NULL,
  `Date_Modified` VARCHAR(45) NULL,
  PRIMARY KEY (`AccomodationStaffID`),
  UNIQUE INDEX `PhoneNumber_UNIQUE` (`PhoneNumber` ASC) VISIBLE)
ENGINE = InnoDB;

/*****DATA INSERT*****/
Insert into University.AccomodationStaff (AccomodationStaffID, FirstName, LastName, Position, Address, PhoneNumber, Date_Created, Date_Modified )
values
(1, 'Alex','Alejandro', 'Hall Manager', '225 Arioana Drive, Queens, ON', '416-885-8847','2019-09-28','2019-09-28'),
(2, 'Junelle','Rodney', 'Assistant Hall Manager', '10 Hayatt st, Oliove, ON', '905-885-7136','2019-09-28','2019-09-28'),
(3, 'Abby','Zeekology', 'HR Manager', '28 Darsam Crt, Orangeville, ON', '911-115-551','2019-09-28','2019-09-28'),
(4, 'Lyn','Pangit', 'Admin Assistant', '5 Ana Drive, Brampton, ON', '416-999-2224','2019-09-28','2019-09-28'),
(5, 'John','Potpot', 'Accountant', '25 Potpot Crt, Georgetown, ON', '514-666-4447','2019-09-28','2019-09-28'),
(6, 'Jenny','Alejandro', 'Cleaner', '225 Arioana Drive, Queens, ON', '416-885-8847','2019-09-28','2019-09-28'),
(7, 'Jacky','Alejandro', 'Cleaner', '225 Arioana Drive, Queens, ON', '647-135-98752','2019-09-28','2019-09-28'),
(8, 'Fred','Matthew', 'Inspector', '10 Flat St., Mississauga, ON', '9056-366-5624','2019-09-28','2019-09-28'),
(9, 'Jay','Steward', 'Inspector', '2010 Torbram St, Brampton, ON', '645-441-2112','2019-09-28','2019-09-28'),
(10, 'John','Allen', 'Inspector', '115-10A Dundas Circle, Toronto, ON', '905-112-4415','2019-09-28','2019-09-28');

-- -----------------------------------------------------
-- Table `University`.`FlatInspection`
-- -----------------------------------------------------
DROP TABLE IF EXISTS `University`.`FlatInspection` ;

CREATE TABLE IF NOT EXISTS `University`.`FlatInspection` (
  `FlatInspectionID` INT NOT NULL AUTO_INCREMENT,
  `AccomodationStaff_AccomodationStaffID` INT NOT NULL,
  `Flat_Level_FlatID` INT NOT NULL,
  `Condition_Status` VARCHAR(45) NOT NULL DEFAULT 'Good, Bad, Repair',
  `Remarks` VARCHAR(45) NULL,
  `Date_Created` DATETIME NULL,
  `Date_Modified` DATETIME NULL,
  PRIMARY KEY (`FlatInspectionID`),
  INDEX `fk_Flat_Inspection_Flat_Level1_idx` (`Flat_Level_FlatID` ASC) VISIBLE,
  INDEX `fk_FlatInspection_AccomodationStaff1_idx` (`AccomodationStaff_AccomodationStaffID` ASC) VISIBLE,
  CONSTRAINT `fk_Flat_Inspection_Flat_Level1`
    FOREIGN KEY (`Flat_Level_FlatID`)
    REFERENCES `University`.`Flat_Level` (`FlatID`)
    ON DELETE NO ACTION
    ON UPDATE NO ACTION,
  CONSTRAINT `fk_FlatInspection_AccomodationStaff1`
    FOREIGN KEY (`AccomodationStaff_AccomodationStaffID`)
    REFERENCES `University`.`AccomodationStaff` (`AccomodationStaffID`)
    ON DELETE NO ACTION
    ON UPDATE NO ACTION)
ENGINE = InnoDB;

/*****DATA INSERT*****/
Insert into University.FlatInspection (FlatInspectionID, AccomodationStaff_AccomodationStaffID, Flat_Level_FlatID, Condition_Status, Remarks, Date_Created, Date_Modified)
values
(1, 8, 1, 'Good', 'None', '2019-09-28','2019-09-28'),
(1, 9, 2, 'Good', 'None', '2019-09-28','2019-09-28'),
(1, 10, 3, 'Good', 'None', '2019-09-28','2019-09-28'),
(1, 10, 1, 'Good', 'None', '2019-10-28','2019-10-15'),
(1, 8, 2, 'Good', 'None', '2019-10-28','2019-10-15'),
(1, 9, 3, 'Good', 'None', '2019-10-28','2019-10-21');

-- -----------------------------------------------------
-- Table `University`.`Students_has_Courses`
-- -----------------------------------------------------
DROP TABLE IF EXISTS `University`.`Students_has_Courses` ;

CREATE TABLE IF NOT EXISTS `University`.`Students_has_Courses` (
  `Course_CourseID` INT NOT NULL AUTO_INCREMENT,
  `Student_StudentID` INT NOT NULL,
  `Date_Created` DATETIME NULL,
  `Date_Created` VARCHAR(45) NULL,
  PRIMARY KEY (`Course_CourseID`, `Student_StudentID`),
  INDEX `fk_Course_has_Student_Student1_idx` (`Student_StudentID` ASC) VISIBLE,
  INDEX `fk_Course_has_Student_Course1_idx` (`Course_CourseID` ASC) VISIBLE,
  CONSTRAINT `fk_Course_has_Student_Course1`
    FOREIGN KEY (`Course_CourseID`)
    REFERENCES `University`.`Course` (`CourseID`)
    ON DELETE NO ACTION
    ON UPDATE NO ACTION,
  CONSTRAINT `fk_Course_has_Student_Student1`
    FOREIGN KEY (`Student_StudentID`)
    REFERENCES `University`.`Student` (`StudentID`)
    ON DELETE NO ACTION
    ON UPDATE NO ACTION)
ENGINE = InnoDB;

/*****DATA INSERT*****/
Insert into University.Students_has_Courses (Course_CourseID, Student_StudentID, Date_Created, Date_Created)
values
(1, 1, '2019-09-28','2019-09-28'),
(2, 3, '2019-09-28','2019-09-28'),
(3, 7, '2019-09-28','2019-09-28'),
(4, 5, '2019-09-28','2019-09-28'),
(5, 10, '2019-09-28','2019-09-28'),
(6, 9, '2019-09-28','2019-09-28'),
(7, 6, '2019-09-28','2019-09-28'),
(8, 2, '2019-09-28','2019-09-28'),
(9, 8, '2019-09-28','2019-09-28'),
(10, 4, '2019-09-28','2019-09-28');

SET SQL_MODE=@OLD_SQL_MODE;
SET FOREIGN_KEY_CHECKS=@OLD_FOREIGN_KEY_CHECKS;
SET UNIQUE_CHECKS=@OLD_UNIQUE_CHECKS;
